{"mae": 79.21912236273688, "rmse": 147.6736598435092, "r": 0.9147135251450729, "r2": 0.813452540170043}