{"mae": 0.6868783982872232, "rmse": 1.0751124521212674, "r": 0.9679976190067088, "r2": 0.9367982953260995}