{"mae": 1.0678791818743272, "rmse": 1.5742286447280287, "r": 0.9298229791542684, "r2": 0.8644945916052831}