{"mae": 81.528513110994, "rmse": 150.56306031748687, "r": 0.9145059862283623, "r2": 0.8060811038613445}