{"mae": 0.6903109032406592, "rmse": 1.0825583073754954, "r": 0.9704814010759784, "r2": 0.9359198377882345}