{"mae": 69.36695907345234, "rmse": 143.62251814637725, "r": 0.9313553776538707, "r2": 0.8235472882049084}