{"mae": 87.26312653374833, "rmse": 159.3872372770258, "r": 0.8990517456075663, "r2": 0.7826846773581022}