{"mae": 0.9905611170655806, "rmse": 1.4649900316068543, "r": 0.9407303525702878, "r2": 0.8826480400182607}