{"mae": 0.7900060418574286, "rmse": 1.1833969368923658, "r": 0.9612451667892619, "r2": 0.923425901970486}