{"mae": 74.48168948512789, "rmse": 150.62134788087423, "r": 0.917588192603431, "r2": 0.8059309309330462}