{"mae": 0.9528482731252478, "rmse": 1.4770926809729696, "r": 0.9386533702049047, "r2": 0.8807010831178596}