{"mae": 83.82043413088368, "rmse": 167.64832298277025, "r": 0.8790834684178356, "r2": 0.7595738565982457}