{"mae": 108.73954098772761, "rmse": 411.15771201457625, "r": 0.5260130928424795, "r2": -0.44610605484326116}