{
    "V_mean": 0.0036316711467929467,
    "V_median": 0.09763745525674121,
    "V_std": 0.05773428724192217,
    "V_iqr": 0.20983188699016006,
    "V_kurtosis": 0.3430597080598587,
    "V_entropy": 0.009265033468799314,
    "I_mean": 0.0021980441184888755,
    "I_median": 0.029171185712674234,
    "I_std": 0.20222116621844677,
    "I_iqr": 0.007480210312425166,
    "I_kurtosis": 0.022175200833518795,
    "T_mean": 0.00569779462056955,
    "T_median": 0.001839317918404529,
    "T_std": 0.0038247698094142795,
    "T_iqr": 0.0019781505062663406,
    "T_kurtosis": 0.002254117785517192
}