{
    "V_mean": 0.0077021078828967615,
    "V_median": 0.011654338685320039,
    "V_std": 0.08827266696901172,
    "V_iqr": 0.06952189836705833,
    "V_kurtosis": 0.005882488117822829,
    "V_entropy": 0.5132527400022954,
    "I_mean": 0.009001608708258519,
    "I_median": 0.03667404779349718,
    "I_std": 0.02513156697804187,
    "I_iqr": 0.17918724128523986,
    "I_kurtosis": 0.048792330527351185,
    "T_mean": 0.0008685612863049113,
    "T_median": 0.0009058781523720085,
    "T_std": 0.0007779733470221734,
    "T_iqr": 0.0007261262616524536,
    "T_kurtosis": 0.001648425635854884
}