{"mae": 1.3632552999886285, "rmse": 2.05957326846587, "r": 0.8871356815699919, "r2": 0.768060081014875}