{"mae": 77.38630127182853, "rmse": 147.29260220031983, "r": 0.9198950152510271, "r2": 0.814414033520088}