{"mae": 1.5590801795301756, "rmse": 2.0783085060427875, "r": 0.8760844445248791, "r2": 0.7638211310433922}